{
	"format_version": "1.8.0",
	"animations": {
		"animation.model.walk": {
			"loop": true,
			"animation_length": 1,
			"bones": {
				"nujo": {
					"position": {
						"0.0": [0, -1, 0],
						"0.05": [0, -0.91349, 0],
						"0.1": [0, -0.66307, 0],
						"0.15": [0, -0.33693, 0],
						"0.2": [0, -0.08651, 0],
						"0.25": [0, 0, 0],
						"0.3": [0, -0.08651, 0],
						"0.35": [0, -0.33693, 0],
						"0.4": [0, -0.66307, 0],
						"0.45": [0, -0.91349, 0],
						"0.5": [0, -1, 0],
						"0.55": [0, -0.91349, 0],
						"0.6": [0, -0.66307, 0],
						"0.65": [0, -0.33693, 0],
						"0.7": [0, -0.08651, 0],
						"0.75": [0, 0, 0],
						"0.8": [0, -0.08651, 0],
						"0.85": [0, -0.33693, 0],
						"0.9": [0, -0.66307, 0],
						"0.95": [0, -0.91349, 0],
						"1.0": [0, -1, 0]
					}
				},
				"left_arm": {
					"rotation": {
						"0.0": [-32.5, 0, -10],
						"0.05": [-28.69907, 0, -9.01911],
						"0.1": [-21.41845, 0, -7.14024],
						"0.15": [-12.74464, 0, -4.90184],
						"0.2": [-3.39192, 0, -2.48824],
						"0.3": [15.89192, 0, 2.48824],
						"0.35": [25.24464, 0, 4.90184],
						"0.4": [33.91845, 0, 7.14024],
						"0.45": [41.19907, 0, 9.01911],
						"0.5": [45, 0, 10],
						"0.55": [41.19907, 0, 9.01911],
						"0.6": [33.91845, 0, 7.14024],
						"0.65": [25.24464, 0, 4.90184],
						"0.7": [15.89192, 0, 2.48824],
						"0.8": [-3.39192, 0, -2.48824],
						"0.85": [-12.74464, 0, -4.90184],
						"0.9": [-21.41845, 0, -7.14024],
						"0.95": [-28.69907, 0, -9.01911],
						"1.0": [-32.5, 0, -10]
					}
				},
				"right_arm": {
					"rotation": {
						"0.0": [45, 0, -10],
						"0.05": [41.19907, 0, -9.01911],
						"0.1": [33.91845, 0, -7.14024],
						"0.15": [25.24464, 0, -4.90184],
						"0.2": [15.89192, 0, -2.48824],
						"0.3": [-3.39192, 0, 2.48824],
						"0.35": [-12.74464, 0, 4.90184],
						"0.4": [-21.41845, 0, 7.14024],
						"0.45": [-28.69907, 0, 9.01911],
						"0.5": [-32.5, 0, 10],
						"0.55": [-28.69907, 0, 9.01911],
						"0.6": [-21.41845, 0, 7.14024],
						"0.65": [-12.74464, 0, 4.90184],
						"0.7": [-3.39192, 0, 2.48824],
						"0.8": [15.89192, 0, -2.48824],
						"0.85": [25.24464, 0, -4.90184],
						"0.9": [33.91845, 0, -7.14024],
						"0.95": [41.19907, 0, -9.01911],
						"1.0": [45, 0, -10]
					}
				},
				"left_leg": {
					"rotation": {
						"0.0": [32.5, 0, 0],
						"0.5": [-32.5, 0, 0],
						"1.0": [32.5, 0, 0]
					}
				},
				"right_leg": {
					"rotation": {
						"0.0": [-32.5, 0, 0],
						"0.5": [32.5, 0, 0],
						"1.0": [-32.5, 0, 0]
					}
				},
				"body": {
					"rotation": {
						"0.0": [5, -10, 0],
						"0.5": [5, 10, 0],
						"1.0": [5, -10, 0]
					}
				},
				"foot": {
					"rotation": {
						"0.0": [-32.5, 0, 0],
						"0.5": [0, 0, 0],
						"1.0": [-32.5, 0, 0]
					}
				},
				"foot2": {
					"rotation": {
						"0.0": [0, 0, 0],
						"0.5": [-32.5, 0, 0],
						"1.0": [0, 0, 0]
					}
				},
				"head": {
					"rotation": {
						"0.0": [0, 10, 0],
						"0.25": [0, 0, 0],
						"0.5": [0, -10, 0],
						"0.75": [0, 0, 0],
						"1.0": [0, 10, 0]
					}
				},
				"right_calf": {
					"rotation": {
						"0.0": [25, 0, 0],
						"0.5": [0, 0, 0],
						"1.0": [25, 0, 0]
					}
				},
				"left_calf": {
					"rotation": {
						"0.0": [0, 0, 0],
						"0.5": [25, 0, 0],
						"1.0": [0, 0, 0]
					}
				},
				"bigarm2": {
					"rotation": {
						"0.0": [0, 0, 0],
						"0.5": [0, 0, 20],
						"1.0": [0, 0, 0]
					}
				},
				"bigarm": {
					"rotation": {
						"0.0": [0, 0, -20],
						"0.5": [0, 0, 0],
						"1.0": [0, 0, -20]
					}
				}
			}
		},
		"animation.model.stand": {
			"loop": true,
			"animation_length": 3,
			"bones": {
				"left_leg": {
					"rotation": [0, 0, 2.5],
					"position": [-1, 0, 0]
				},
				"left_arm": {
					"rotation": {
						"0.0": [0, 0, 5],
						"1.5": [0, 0, 0],
						"3.0": [0, 0, 5]
					}
				},
				"right_arm": {
					"rotation": {
						"0.0": [0, 0, -5],
						"1.5": [0, 0, 0],
						"3.0": [0, 0, -5]
					}
				},
				"body": {
					"rotation": [0, 0, -2.5],
					"position": {
						"0.0": [0, 0, 0],
						"1.5": [0, 1, 0],
						"3.0": [0, 0, 0]
					}
				},
				"head": {
					"rotation": [0, 0, 2.5]
				},
				"left_calf": {
					"rotation": [0, 0, -2.5]
				}
			}
		},
		"animation.model.hurt": {
			"animation_length": 0.5,
			"bones": {
				"legs": {
					"rotation": {
						"0.0417": [0, 0, 0],
						"0.125": [-10, 0, 0],
						"0.2083": [0, 0, 0]
					}
				},
				"head": {
					"rotation": {
						"0.0": [0, 0, 0],
						"0.125": [30, 0, 0],
						"0.25": [0, 0, 0]
					}
				},
				"left_arm": {
					"rotation": {
						"0.0": [0, 0, 0],
						"0.125": [-19.7197, -3.4049, -19.408],
						"0.25": [0, 0, 0]
					}
				},
				"right_arm": {
					"rotation": {
						"0.0": [0, 0, 0],
						"0.125": [-19.7197, 3.40487, 19.40804],
						"0.25": [0, 0, 0]
					}
				}
			}
		}
	}
}